<NotepadPlus>
    <UserLang name="TM1" ext="" udlVersion="2.1">
        <Settings>
            <Global caseIgnored="no" allowFoldOfComments="no" foldCompact="no" forcePureLC="0" decimalSeparator="0" />
            <Prefix Keywords1="no" Keywords2="no" Keywords3="no" Keywords4="no" Keywords5="no" Keywords6="no" Keywords7="no" Keywords8="no" />
        </Settings>
        <KeywordLists>
            <Keywords name="Comments">03 04 00# 01 02</Keywords>
            <Keywords name="Numbers, prefix1"></Keywords>
            <Keywords name="Numbers, prefix2"></Keywords>
            <Keywords name="Numbers, extras1"></Keywords>
            <Keywords name="Numbers, extras2"></Keywords>
            <Keywords name="Numbers, suffix1"></Keywords>
            <Keywords name="Numbers, suffix2"></Keywords>
            <Keywords name="Numbers, range"></Keywords>
            <Keywords name="Operators1">&apos; - &quot; % &amp; ( ) * , / : ; @ [ \ ] ^ | ~ + &lt; = &gt;</Keywords>
            <Keywords name="Operators2"></Keywords>
            <Keywords name="Folders in code1, open">if IF If while WHILE While</Keywords>
            <Keywords name="Folders in code1, middle">elseif ELSEIF ElseIf else ELSE ELSE</Keywords>
            <Keywords name="Folders in code1, close">endif ENDIF EndIf end END End</Keywords>
            <Keywords name="Folders in code2, open"></Keywords>
            <Keywords name="Folders in code2, middle"></Keywords>
            <Keywords name="Folders in code2, close"></Keywords>
            <Keywords name="Folders in comment, open"></Keywords>
            <Keywords name="Folders in comment, middle"></Keywords>
            <Keywords name="Folders in comment, close"></Keywords>
            <Keywords name="Keywords1">DATE DATES DAY DAYNO MONTH TIMST TIMVL TODAY YEAR ATTRN ATTRS CONSOLIDATECHILDREN DIMNM DIMSIZ DNEXT DNLEV TABDIM DIMIX DTYPE ELCOMP ELCOMPN ELISPAR ELLEV ELPAR ELPARN ELWEIGHT FV PAYMT PV ABS ACOS ASIN ATAN COS EXP INT ISUND LN LOG MAX MIN MOD RAND ROUND ROUNDP SIGN SIN SQRT TAN CAPIT CHAR CODE DELET FILL INSRT LONG LOWER NUMBR SCAN STR SUBST TRIM UPPER ASCIIDELETE ASCIIOUTPUT SETINPUTCHARACTERSET SETOUTPUTCHARACTERSET TEXTOUTPUT ATTRDELETE ATTRINSERT ATTRPUTN ATTRPUTS SETCHOREVERBOSEMESSAGES ADDCUBEDEPENDENCY CELLGETN CELLGETS CELLISUPDATEABLE CELLPUTN CELLPUTPROPORTIONALSPREAD CELLPUTS CUBECLEARDATA CUBECREATE CUBEDESTROY CUBEEXISTS CUBEGETLOGCHANGES CUBESETCONNPARAMS CUBESETLOGCHANGES CUBEUNLOAD CUBEDATARESERVATIONACQUIRE CUBEDATARESERVATIONRELEASE CUBEDATARESERVATIONRELEASEALL CUBEDATARESERVATIONGET CUBEDATARESERVATIONGETCONFLICTS DIMENSIONCREATE DIMENSIONDELETEALLELEMENTS DIMENSIONDESTROY DIMENSIONELEMENTCOMPONENTADD DIMENSIONELEMENTCOMPONENTDELETE DIMENSIONELEMENTDELETE DIMENSIONELEMENTINSERT DIMENSIONELEMENTPRINCIPALNAME DIMENSIONEXISTS DIMENSIONSORTORDER ODBCCLOSE ODBCOPEN ODBCOPENEX ODBCOUTPUT EXECUTECOMMAND EXECUTEPROCESS PROCESSEXITBYCHOREQUIT PROCESSEXITNORMAL PROCESSEXITMINORERROR PROCESSEXITBYQUIT PROCESSEXITWITHMESSAGE PROCESSEXITSERIOUSERROR PROCESSEXITONINIT PROCESSEXITBYBREAK GETPROCESSNAME ITEMREJECT CUBEPROCESSFEEDERS FORCESKIPCHECK RULELOADFROMFILE SERVERACTIVESANDBOXGET SERVERACTIVESANDBOXSET GETUSEACTIVESANDBOXPROPERTY SETUSEACTIVESANDBOXPROPERTY ADDCLIENT ADDGROUP ASSIGNCLIENTTOGROUP ASSIGNCLIENTPASSWORD DELETECLIENT DELETEGROUP ELEMENTSECURITYGET ELEMENTSECURITYPUT REMOVECLIENTFROMGROUP BATCHUPDATEFINISH BATCHUPDATEFINISHWAIT DISABLEBULKLOADMODE ENABLEBULKLOADMODE SERVERSHUTDOWN SUBSETALIASSET SUBSETCREATE SUBSETCREATEBYMDX SUBSETDELETEALLELEMENTS SUBSETDESTROY SUBSETELEMENTDELETE SUBSETELEMENTINSERT SUBSETEXISTS SUBSETEXPANDABOVESET SUBSETFORMATSTYLESET SUBSETGETELEMENTNAME SUBSETGETSIZE SUBSETISALLSET PUBLISHVIEW VIEWCOLUMNDIMENSIONSET VIEWCOLUMNSUPPRESSZEROESSET VIEWCONSTRUCT VIEWCREATE VIEWDESTROY VIEWEXISTS VIEWEXTRACTSKIPCALCSET VIEWEXTRACTSKIPRULEVALUESSET VIEWEXTRACTSKIPZEROESSET VIEWROWDIMENSIONSET VIEWROWSUPPRESSZEROESSET VIEWSUBSETASSIGN VIEWSUPPRESSZEROESSET VIEWSUBSETASSIGN VIEWSUPPRESSZEROESSET VIEWTITLEDIMENSIONSET VIEWTITLEELEMENTSET VIEWZEROOUT ADDINFOCUBERESTRICTION EXPAND FILEEXISTS NUMBERTOSTRING NUMBERTOSTRINGEX REFRESHMDXHIERARCHY STRINGTONUMBER STRINGTONUMBEREX TM1USER WILDCARDFILESEARCH date dates day dayno month timst timvl today year attrn attrs consolidatechildren dimnm dimsiz dnext dnlev tabdim dimix dtype elcomp elcompn elispar ellev elpar elparn elweight fv paymt pv abs acos asin atan cos exp int isund ln log max min mod rand round roundp sign sin sqrt tan capit char code delet fill insrt long lower numbr scan str subst trim upper asciidelete asciioutput setinputcharacterset setoutputcharacterset textoutput attrdelete attrinsert attrputn attrputs setchoreverbosemessages addcubedependency cellgetn cellgets cellisupdateable cellputn cellputproportionalspread cellputs cubecleardata cubecreate cubedestroy cubeexists cubegetlogchanges cubesetconnparams cubesetlogchanges cubeunload cubedatareservationacquire cubedatareservationrelease cubedatareservationreleaseall cubedatareservationget cubedatareservationgetconflicts dimensioncreate dimensiondeleteallelements dimensiondestroy dimensionelementcomponentadd dimensionelementcomponentdelete dimensionelementdelete dimensionelementinsert dimensionelementprincipalname dimensionexists dimensionsortorder odbcclose odbcopen odbcopenex odbcoutput executecommand executeprocess processexitbychorequit processexitnormal processexitminorerror processexitbyquit processexitwithmessage processexitseriouserror processexitoninit processexitbybreak getprocessname itemreject cubeprocessfeeders forceskipcheck ruleloadfromfile serveractivesandboxget serveractivesandboxset getuseactivesandboxproperty setuseactivesandboxproperty addclient addgroup assignclienttogroup assignclientpassword deleteclient deletegroup elementsecurityget elementsecurityput removeclientfromgroup batchupdatefinish batchupdatefinishwait disablebulkloadmode enablebulkloadmode servershutdown subsetaliasset subsetcreate subsetcreatebymdx subsetdeleteallelements subsetdestroy subsetelementdelete subsetelementinsert subsetexists subsetexpandaboveset subsetformatstyleset subsetgetelementname subsetgetsize subsetisallset publishview viewcolumndimensionset viewcolumnsuppresszeroesset viewconstruct viewcreate viewdestroy viewexists viewextractskipcalcset viewextractskiprulevaluesset viewextractskipzeroesset viewrowdimensionset viewrowsuppresszeroesset viewsubsetassign viewsuppresszeroesset viewsubsetassign viewsuppresszeroesset viewtitledimensionset viewtitleelementset viewzeroout addinfocuberestriction expand fileexists numbertostring numbertostringex refreshmdxhierarchy stringtonumber stringtonumberex tm1user wildcardfilesearch Date Dates Day DayNo Month TimSt TimVl Today Year Attrn Attrs ConsolidateChildren DimNm DimSiz DNext DNLev DNlev TabDim Dimix DType ElComp ElCompN ElCompn ElIsPar ElLev ElPar ElParN ElWeight Fv Paymt Pv Abs Acos Asin Atan Cos Exp Int IsUnd Ln Log Max Min Mod Rand Round RoundP Sign Sin Sqrt Tan Capit Char Code Delet Fill Insrt Long Lower Numbr Scan Str SubSt SubST Trim Upper ASCIIDelete ASCIIOutput SetInputCharacterSet SetOutputCharacterSet TextOutput AttrDelete AttrInsert AttrPutN AttrPuts SetChoreVerboseMessages AddCubeDependency CellGetN CellGetS CellIsUpdateable CellPutN CellPutProportionalSpread CellPutS CubeClearData CubeCreate CubeDestroy CubeExists CubeGetLogChanges CubeSetConnParams CubeSetLogChanges CubeUnload CubeDataReservationAcquire CubeDataReservationRelease CubeDataReservationReleaseAll CubeDataReservationGet CubeDataReservationGetConflicts DimensionCreate DimensionDeleteAllElements DimensionDestroy DimensionElementComponentAdd DimensionElementComponentDelete DimensionElementDelete DimensionElementInsert DimensionElementPrincipalName DimensionExists DimensionSortOrder ODBCClose ODBCOpen ODBCOpenEx ODBCOutput ExecuteCommand ExecuteProcess ProcessExitByChoreQuit ProcessExitNormal ProcessExitMinorError ProcessExitByQuit ProcessExitWithMessage ProcessExitSeriousError ProcessExitOnInit ProcessExitByBreak GetProcessName ItemReject CubeProcessFeeders ForceSkipCheck RuleLoadFromFile ServerActiveSandboxGet ServerActiveSandboxSet GetUseActiveSandboxProperty SetUseActiveSandboxProperty AddClient AddGroup AssignClientToGroup AssignClientPassword DeleteClient DeleteGroup ElementSecurityGet ElementSecurityPut RemoveClientFromGroup BatchUpdateFinish BatchUpdateFinishWait DisableBulkLoadMode EnableBulkLoadMode ServerShutDown SubsetAliasSet SubsetCreate SubsetCreateByMdx SubsetDeleteAllElements SubsetDestroy SubsetElementDelete SubsetElementInsert SubsetExists SubsetExpandAboveSet SubsetFormatStyleSet SubsetGetElementName SubsetGetSize SubsetIsAllSet PublishView ViewColumnDimensionSet ViewColumnSuppressZeroesSet ViewConstruct ViewCreate ViewDestroy ViewExists ViewExtractSkipCalcSet ViewExtractSkipRuleValuesSet ViewExtractSkipZeroesSet ViewRowDimensionSet ViewRowSuppressZeroesSet ViewSubsetAssign ViewSuppressZeroesSet ViewSubsetAssign ViewSuppressZeroesSet ViewTitleDimensionSet ViewTitleElementSet ViewZeroOut AddInfoCubeRestriction Expand FileExists NumberToString NumberToStringEx RefreshMdxHierarchy StringToNumber StringToNumberEx Tm1User TM1User WildCardFileSearch WildcardFileSearch DB Db db BATCHUPDATESTART batchupdatestart BatchUpdateStart CUBESAVEDATA CubeSaveData cubesavedata SAVEDATAALL SaveDataAll savedataall</Keywords>
            <Keywords name="Keywords2">NOW TIME CONTINUE CHOREQUIT ITEMSKIP PROCESSBREAK PROCESSERROR PROCESSQUIT DELETEALLPERSISTENTFEEDERS SECURITYREFRESH now time continue chorequit itemskip processbreak processerror processquit deleteallpersistentfeeders securityrefresh Now Time Continue ChoreQuit ItemSkip ProcessBreak ProcessError ProcessQuit DeleteAllPersistentFeeders SecurityRefresh ISLEAF UNDEF UNDEFVALS STET isleaf undef undefvals stet IsLeaf Undef UndefVals Stet SYNCHRONIZED Synchronized synchronized </Keywords>
            <Keywords name="Keywords3">SETODBCUNICODEINTERFACE GETPROCESSERRORFILEDIRECTORY GETPROCESSERRORFILENAME index DATASOURCESAPUSINGROLEAUTHS DATASOURCESAPUSINGTEXTS DATASOURCENAMEFORSERVER DATASOURCENAMEFORCLIENT DATASOURCETYPE DATASOURCEUSERNAME DATASOURCEPASSWORD DATASOURCEQUERY DATASOURCECUBEVIEW DATASOURCEDIMENSIONSUBSET DATASOURCEASCIIDELIMITER DATASOURCEASCIIDECIMALSEPARATOR DATASOURCEASCIITHOUSANDSEPARATOR DATASOURCEASCIIQUOTECHARACTER DATASOURCEASCIIHEADERRECORDS VALUE_IS_STRING NVALUE SVALUE ONMINORERRORDOITEMSKIP MINORERRORLOGMAX DATASOURCEODBOCATALOG DATASOURCEODBOCONNECTIONSTRING DATASOURCEODBOCUBENAME DATASOURCEODBOHIERARCHYNAME DATASOURCEODBOLOCATION DATASOURCEODBOPROVIDER DATASOURCEODBOSAPCLIENTID DATASOURCEODBOSAPCLIENTLANGUAGE DATAMINORERRORCOUNT METADATAMINORERRORCOUNT PROCESSRETURNCODE PROLOGMINORERRORCOUNT setodbcunicodeinterface getprocesserrorfiledirectory getprocesserrorfilename index datasourcesapusingroleauths datasourcesapusingtexts datasourcenameforserver datasourcenameforclient datasourcetype datasourceusername datasourcepassword datasourcequery datasourcecubeview datasourcedimensionsubset datasourceasciidelimiter datasourceasciidecimalseparator datasourceasciithousandseparator datasourceasciiquotecharacter datasourceasciiheaderrecords value_is_string nvalue svalue onminorerrordoitemskip minorerrorlogmax datasourceodbocatalog datasourceodboconnectionstring datasourceodbocubename datasourceodbohierarchyname datasourceodbolocation datasourceodboprovider datasourceodbosapclientid datasourceodbosapclientlanguage dataminorerrorcount metadataminorerrorcount processreturncode prologminorerrorcount SetODBCUnicodeInterface GetProcessErrorFileDirectory GetProcessErrorFilename Index DataSourceSAPUsingRoleAuths DataSourceSAPUsingTexts DataSourceNameForServer DataSourceNameForClient DataSourceType DataSourceUserName DataSourcePassword DataSourceQuery DataSourceCubeView DataSourceDimensionSubset DataSourceASCIIDelimiter DataSourceAsciiDecimalSeparator DataSourceASCIIThousandSeparator DataSourceASCIIQuoteCharacter DataSourceASCIIHeaderRecords Value_Is_String NValue SValue OnMinorErrorDoItemSkip MinorErrorLogMax DataSourceODBOCatalog DataSourceODBOConnectionString DataSourceODBOCubeName DataSourceODBOHierarchyName DataSourceODBOLocation DataSourceODBOProvider DataSourceODBOSAPClientID DataSourceODBOSAPClientLanguage DataMinorErrorCount MetaDataMinorErrorCount ProcessReturnCode PrologMinorErrorCount NUMERICGLOBALVARIABLE STRINGGLOBALVARIABLE NUMERICSESSIONVARIABLE STRINGSESSIONVARIABLE numericglobalvariable stringglobalvariable numericsessionvariable stringsessionvariable NumericGlobalVariable StringGlobalVariable NumericSessionVariable StringSessionVariable</Keywords>
            <Keywords name="Keywords4">FEEDERS FEEDSTRINGS SKIPCHECK feeders feedstrings skipcheck Feeders Feedstrings Skipcheck</Keywords>
            <Keywords name="Keywords5"></Keywords>
            <Keywords name="Keywords6"></Keywords>
            <Keywords name="Keywords7"></Keywords>
            <Keywords name="Keywords8"></Keywords>
            <Keywords name="Delimiters">00&apos; 01 02&apos; 03 04 05 06 07 08 09 10 11 12 13 14 15 16 17 18 19 20 21 22 23</Keywords>
        </KeywordLists>
        <Styles>
            <WordsStyle name="DEFAULT" fgColor="000000" bgColor="FFFFFF" fontName="Courier New" fontStyle="0" nesting="0" />
            <WordsStyle name="COMMENTS" fgColor="8080C0" bgColor="FFFFFF" fontName="Courier New" fontStyle="2" nesting="0" />
            <WordsStyle name="LINE COMMENTS" fgColor="8080C0" bgColor="FFFFFF" fontName="Courier New" fontStyle="2" nesting="0" />
            <WordsStyle name="NUMBERS" fgColor="804000" bgColor="FFFFFF" fontName="Courier New" fontStyle="1" fontSize="12" nesting="0" />
            <WordsStyle name="KEYWORDS1" fgColor="0000FF" bgColor="FFFFFF" fontName="Courier New" fontStyle="1" fontSize="11" nesting="0" />
            <WordsStyle name="KEYWORDS2" fgColor="800080" bgColor="FFFFFF" fontName="Courier New" fontStyle="1" fontSize="11" nesting="0" />
            <WordsStyle name="KEYWORDS3" fgColor="008080" bgColor="FFFFFF" fontName="Courier New" fontStyle="1" fontSize="11" nesting="0" />
            <WordsStyle name="KEYWORDS4" fgColor="F00000" bgColor="FFFFFF" fontName="Courier New" fontStyle="1" fontSize="11" nesting="0" />
            <WordsStyle name="KEYWORDS5" fgColor="000000" bgColor="FFFFFF" fontStyle="0" nesting="0" />
            <WordsStyle name="KEYWORDS6" fgColor="000000" bgColor="FFFFFF" fontStyle="0" nesting="0" />
            <WordsStyle name="KEYWORDS7" fgColor="000000" bgColor="FFFFFF" fontStyle="0" nesting="0" />
            <WordsStyle name="KEYWORDS8" fgColor="000000" bgColor="FFFFFF" fontStyle="0" nesting="0" />
            <WordsStyle name="OPERATORS" fgColor="FF0000" bgColor="FFFFFF" fontName="Courier New" fontStyle="1" fontSize="12" nesting="0" />
            <WordsStyle name="FOLDER IN CODE1" fgColor="800080" bgColor="FFFFFF" fontName="Courier New" fontStyle="1" fontSize="11" nesting="0" />
            <WordsStyle name="FOLDER IN CODE2" fgColor="000000" bgColor="FFFFFF" fontStyle="0" nesting="0" />
            <WordsStyle name="FOLDER IN COMMENT" fgColor="000000" bgColor="FFFFFF" fontStyle="0" nesting="0" />
            <WordsStyle name="DELIMITERS1" fgColor="408080" bgColor="FFFFFF" fontName="Courier New" fontStyle="1" fontSize="11" nesting="0" />
            <WordsStyle name="DELIMITERS2" fgColor="000000" bgColor="FFFFFF" fontName="" fontStyle="0" nesting="0" />
            <WordsStyle name="DELIMITERS3" fgColor="000000" bgColor="FFFFFF" fontName="" fontStyle="0" nesting="0" />
            <WordsStyle name="DELIMITERS4" fgColor="000000" bgColor="FFFFFF" fontStyle="0" nesting="0" />
            <WordsStyle name="DELIMITERS5" fgColor="000000" bgColor="FFFFFF" fontStyle="0" nesting="0" />
            <WordsStyle name="DELIMITERS6" fgColor="000000" bgColor="FFFFFF" fontStyle="0" nesting="0" />
            <WordsStyle name="DELIMITERS7" fgColor="000000" bgColor="FFFFFF" fontStyle="0" nesting="0" />
            <WordsStyle name="DELIMITERS8" fgColor="000000" bgColor="FFFFFF" fontStyle="0" nesting="0" />
        </Styles>
    </UserLang>
</NotepadPlus>
